From,To,Due
31-Dec-2018,31-Dec-2018,27-Dec-2018
30-Dec-2018,30-Dec-2018,24-Dec-2018
29-Dec-2018,29-Dec-2018,24-Dec-2018
28-Dec-2018,28-Dec-2018,24-Dec-2018
27-Dec-2018,27-Dec-2018,21-Dec-2018
26-Dec-2018,26-Dec-2018,20-Dec-2018
25-Dec-2018,25-Dec-2018,20-Dec-2018
24-Dec-2018,24-Dec-2018,20-Dec-2018
23-Dec-2018,23-Dec-2018,19-Dec-2018
22-Dec-2018,22-Dec-2018,19-Dec-2018
21-Dec-2018,21-Dec-2018,19-Dec-2018
20-Dec-2018,20-Dec-2018,18-Dec-2018
19-Dec-2018,19-Dec-2018,17-Dec-2018
18-Dec-2018,18-Dec-2018,14-Dec-2018
17-Dec-2018,17-Dec-2018,13-Dec-2018
16-Dec-2018,16-Dec-2018,12-Dec-2018
15-Dec-2018,15-Dec-2018,12-Dec-2018
14-Dec-2018,14-Dec-2018,12-Dec-2018
13-Dec-2018,13-Dec-2018,11-Dec-2018
12-Dec-2018,12-Dec-2018,10-Dec-2018
11-Dec-2018,11-Dec-2018,07-Dec-2018
10-Dec-2018,10-Dec-2018,06-Dec-2018
09-Dec-2018,09-Dec-2018,05-Dec-2018
08-Dec-2018,08-Dec-2018,05-Dec-2018
07-Dec-2018,07-Dec-2018,05-Dec-2018
06-Dec-2018,06-Dec-2018,04-Dec-2018
05-Dec-2018,05-Dec-2018,03-Dec-2018
04-Dec-2018,04-Dec-2018,30-Nov-2018
03-Dec-2018,03-Dec-2018,29-Nov-2018
02-Dec-2018,02-Dec-2018,28-Nov-2018
01-Dec-2018,01-Dec-2018,28-Nov-2018
30-Nov-2018,30-Nov-2018,28-Nov-2018
29-Nov-2018,29-Nov-2018,27-Nov-2018
28-Nov-2018,28-Nov-2018,26-Nov-2018
27-Nov-2018,27-Nov-2018,23-Nov-2018
26-Nov-2018,26-Nov-2018,22-Nov-2018
25-Nov-2018,25-Nov-2018,21-Nov-2018
24-Nov-2018,24-Nov-2018,21-Nov-2018
23-Nov-2018,23-Nov-2018,21-Nov-2018
22-Nov-2018,22-Nov-2018,20-Nov-2018
21-Nov-2018,21-Nov-2018,19-Nov-2018
20-Nov-2018,20-Nov-2018,16-Nov-2018
19-Nov-2018,19-Nov-2018,15-Nov-2018
18-Nov-2018,18-Nov-2018,14-Nov-2018
17-Nov-2018,17-Nov-2018,14-Nov-2018
16-Nov-2018,16-Nov-2018,14-Nov-2018
15-Nov-2018,15-Nov-2018,13-Nov-2018
14-Nov-2018,14-Nov-2018,12-Nov-2018
13-Nov-2018,13-Nov-2018,09-Nov-2018
12-Nov-2018,12-Nov-2018,08-Nov-2018
11-Nov-2018,11-Nov-2018,07-Nov-2018
10-Nov-2018,10-Nov-2018,07-Nov-2018
09-Nov-2018,09-Nov-2018,07-Nov-2018
08-Nov-2018,08-Nov-2018,06-Nov-2018
07-Nov-2018,07-Nov-2018,05-Nov-2018
06-Nov-2018,06-Nov-2018,02-Nov-2018
05-Nov-2018,05-Nov-2018,01-Nov-2018
04-Nov-2018,04-Nov-2018,31-Oct-2018
03-Nov-2018,03-Nov-2018,31-Oct-2018
02-Nov-2018,02-Nov-2018,31-Oct-2018
01-Nov-2018,01-Nov-2018,30-Oct-2018
31-Oct-2018,31-Oct-2018,29-Oct-2018
30-Oct-2018,30-Oct-2018,26-Oct-2018
29-Oct-2018,29-Oct-2018,25-Oct-2018
28-Oct-2018,28-Oct-2018,24-Oct-2018
27-Oct-2018,27-Oct-2018,24-Oct-2018
26-Oct-2018,26-Oct-2018,24-Oct-2018
25-Oct-2018,25-Oct-2018,23-Oct-2018
24-Oct-2018,24-Oct-2018,22-Oct-2018
23-Oct-2018,23-Oct-2018,19-Oct-2018
22-Oct-2018,22-Oct-2018,18-Oct-2018
21-Oct-2018,21-Oct-2018,17-Oct-2018
20-Oct-2018,20-Oct-2018,17-Oct-2018
19-Oct-2018,19-Oct-2018,17-Oct-2018
18-Oct-2018,18-Oct-2018,16-Oct-2018
17-Oct-2018,17-Oct-2018,15-Oct-2018
16-Oct-2018,16-Oct-2018,12-Oct-2018
15-Oct-2018,15-Oct-2018,11-Oct-2018
14-Oct-2018,14-Oct-2018,10-Oct-2018
13-Oct-2018,13-Oct-2018,10-Oct-2018
12-Oct-2018,12-Oct-2018,10-Oct-2018
11-Oct-2018,11-Oct-2018,09-Oct-2018
10-Oct-2018,10-Oct-2018,08-Oct-2018
09-Oct-2018,09-Oct-2018,05-Oct-2018
08-Oct-2018,08-Oct-2018,04-Oct-2018
07-Oct-2018,07-Oct-2018,03-Oct-2018
06-Oct-2018,06-Oct-2018,03-Oct-2018
05-Oct-2018,05-Oct-2018,03-Oct-2018
04-Oct-2018,04-Oct-2018,02-Oct-2018
03-Oct-2018,03-Oct-2018,01-Oct-2018
02-Oct-2018,02-Oct-2018,28-Sep-2018
01-Oct-2018,01-Oct-2018,27-Sep-2018
30-Sep-2018,30-Sep-2018,26-Sep-2018
29-Sep-2018,29-Sep-2018,26-Sep-2018
28-Sep-2018,28-Sep-2018,26-Sep-2018
27-Sep-2018,27-Sep-2018,25-Sep-2018
26-Sep-2018,26-Sep-2018,24-Sep-2018
25-Sep-2018,25-Sep-2018,21-Sep-2018
24-Sep-2018,24-Sep-2018,20-Sep-2018
23-Sep-2018,23-Sep-2018,19-Sep-2018
22-Sep-2018,22-Sep-2018,19-Sep-2018
21-Sep-2018,21-Sep-2018,19-Sep-2018
20-Sep-2018,20-Sep-2018,18-Sep-2018
19-Sep-2018,19-Sep-2018,17-Sep-2018
18-Sep-2018,18-Sep-2018,14-Sep-2018
17-Sep-2018,17-Sep-2018,13-Sep-2018
16-Sep-2018,16-Sep-2018,12-Sep-2018
15-Sep-2018,15-Sep-2018,12-Sep-2018
14-Sep-2018,14-Sep-2018,12-Sep-2018
13-Sep-2018,13-Sep-2018,11-Sep-2018
12-Sep-2018,12-Sep-2018,10-Sep-2018
11-Sep-2018,11-Sep-2018,07-Sep-2018
10-Sep-2018,10-Sep-2018,06-Sep-2018
09-Sep-2018,09-Sep-2018,05-Sep-2018
08-Sep-2018,08-Sep-2018,05-Sep-2018
07-Sep-2018,07-Sep-2018,05-Sep-2018
06-Sep-2018,06-Sep-2018,04-Sep-2018
05-Sep-2018,05-Sep-2018,03-Sep-2018
04-Sep-2018,04-Sep-2018,31-Aug-2018
03-Sep-2018,03-Sep-2018,30-Aug-2018
02-Sep-2018,02-Sep-2018,29-Aug-2018
01-Sep-2018,01-Sep-2018,29-Aug-2018
31-Aug-2018,31-Aug-2018,29-Aug-2018
30-Aug-2018,30-Aug-2018,28-Aug-2018
29-Aug-2018,29-Aug-2018,24-Aug-2018
28-Aug-2018,28-Aug-2018,23-Aug-2018
27-Aug-2018,27-Aug-2018,22-Aug-2018
26-Aug-2018,26-Aug-2018,22-Aug-2018
25-Aug-2018,25-Aug-2018,22-Aug-2018
24-Aug-2018,24-Aug-2018,22-Aug-2018
23-Aug-2018,23-Aug-2018,21-Aug-2018
22-Aug-2018,22-Aug-2018,20-Aug-2018
21-Aug-2018,21-Aug-2018,17-Aug-2018
20-Aug-2018,20-Aug-2018,16-Aug-2018
19-Aug-2018,19-Aug-2018,15-Aug-2018
18-Aug-2018,18-Aug-2018,15-Aug-2018
17-Aug-2018,17-Aug-2018,15-Aug-2018
16-Aug-2018,16-Aug-2018,14-Aug-2018
15-Aug-2018,15-Aug-2018,13-Aug-2018
14-Aug-2018,14-Aug-2018,10-Aug-2018
13-Aug-2018,13-Aug-2018,09-Aug-2018
12-Aug-2018,12-Aug-2018,08-Aug-2018
11-Aug-2018,11-Aug-2018,08-Aug-2018
10-Aug-2018,10-Aug-2018,08-Aug-2018
09-Aug-2018,09-Aug-2018,07-Aug-2018
08-Aug-2018,08-Aug-2018,06-Aug-2018
07-Aug-2018,07-Aug-2018,03-Aug-2018
06-Aug-2018,06-Aug-2018,02-Aug-2018
05-Aug-2018,05-Aug-2018,01-Aug-2018
04-Aug-2018,04-Aug-2018,01-Aug-2018
03-Aug-2018,03-Aug-2018,01-Aug-2018
02-Aug-2018,02-Aug-2018,31-Jul-2018
01-Aug-2018,01-Aug-2018,30-Jul-2018
31-Jul-2018,31-Jul-2018,27-Jul-2018
30-Jul-2018,30-Jul-2018,26-Jul-2018
29-Jul-2018,29-Jul-2018,25-Jul-2018
28-Jul-2018,28-Jul-2018,25-Jul-2018
27-Jul-2018,27-Jul-2018,25-Jul-2018
26-Jul-2018,26-Jul-2018,24-Jul-2018
25-Jul-2018,25-Jul-2018,23-Jul-2018
24-Jul-2018,24-Jul-2018,20-Jul-2018
23-Jul-2018,23-Jul-2018,19-Jul-2018
22-Jul-2018,22-Jul-2018,18-Jul-2018
21-Jul-2018,21-Jul-2018,18-Jul-2018
20-Jul-2018,20-Jul-2018,18-Jul-2018
19-Jul-2018,19-Jul-2018,17-Jul-2018
18-Jul-2018,18-Jul-2018,16-Jul-2018
17-Jul-2018,17-Jul-2018,13-Jul-2018
16-Jul-2018,16-Jul-2018,12-Jul-2018
15-Jul-2018,15-Jul-2018,11-Jul-2018
14-Jul-2018,14-Jul-2018,11-Jul-2018
13-Jul-2018,13-Jul-2018,11-Jul-2018
12-Jul-2018,12-Jul-2018,10-Jul-2018
11-Jul-2018,11-Jul-2018,09-Jul-2018
10-Jul-2018,10-Jul-2018,06-Jul-2018
09-Jul-2018,09-Jul-2018,05-Jul-2018
08-Jul-2018,08-Jul-2018,04-Jul-2018
07-Jul-2018,07-Jul-2018,04-Jul-2018
06-Jul-2018,06-Jul-2018,04-Jul-2018
05-Jul-2018,05-Jul-2018,03-Jul-2018
04-Jul-2018,04-Jul-2018,02-Jul-2018
03-Jul-2018,03-Jul-2018,29-Jun-2018
02-Jul-2018,02-Jul-2018,28-Jun-2018
01-Jul-2018,01-Jul-2018,27-Jun-2018
30-Jun-2018,30-Jun-2018,27-Jun-2018
29-Jun-2018,29-Jun-2018,27-Jun-2018
28-Jun-2018,28-Jun-2018,26-Jun-2018
27-Jun-2018,27-Jun-2018,25-Jun-2018
26-Jun-2018,26-Jun-2018,22-Jun-2018
25-Jun-2018,25-Jun-2018,21-Jun-2018
24-Jun-2018,24-Jun-2018,20-Jun-2018
23-Jun-2018,23-Jun-2018,20-Jun-2018
22-Jun-2018,22-Jun-2018,20-Jun-2018
21-Jun-2018,21-Jun-2018,19-Jun-2018
20-Jun-2018,20-Jun-2018,18-Jun-2018
19-Jun-2018,19-Jun-2018,15-Jun-2018
18-Jun-2018,18-Jun-2018,14-Jun-2018
17-Jun-2018,17-Jun-2018,13-Jun-2018
16-Jun-2018,16-Jun-2018,13-Jun-2018
15-Jun-2018,15-Jun-2018,13-Jun-2018
14-Jun-2018,14-Jun-2018,12-Jun-2018
13-Jun-2018,13-Jun-2018,11-Jun-2018
12-Jun-2018,12-Jun-2018,08-Jun-2018
11-Jun-2018,11-Jun-2018,07-Jun-2018
10-Jun-2018,10-Jun-2018,06-Jun-2018
09-Jun-2018,09-Jun-2018,06-Jun-2018
08-Jun-2018,08-Jun-2018,06-Jun-2018
07-Jun-2018,07-Jun-2018,05-Jun-2018
06-Jun-2018,06-Jun-2018,04-Jun-2018
05-Jun-2018,05-Jun-2018,01-Jun-2018
04-Jun-2018,04-Jun-2018,31-May-2018
03-Jun-2018,03-Jun-2018,30-May-2018
02-Jun-2018,02-Jun-2018,30-May-2018
01-Jun-2018,01-Jun-2018,30-May-2018
31-May-2018,31-May-2018,29-May-2018
30-May-2018,30-May-2018,25-May-2018
29-May-2018,29-May-2018,24-May-2018
28-May-2018,28-May-2018,23-May-2018
27-May-2018,27-May-2018,23-May-2018
26-May-2018,26-May-2018,23-May-2018
25-May-2018,25-May-2018,23-May-2018
24-May-2018,24-May-2018,22-May-2018
23-May-2018,23-May-2018,21-May-2018
22-May-2018,22-May-2018,18-May-2018
21-May-2018,21-May-2018,17-May-2018
20-May-2018,20-May-2018,16-May-2018
19-May-2018,19-May-2018,16-May-2018
18-May-2018,18-May-2018,16-May-2018
17-May-2018,17-May-2018,15-May-2018
16-May-2018,16-May-2018,14-May-2018
15-May-2018,15-May-2018,11-May-2018
14-May-2018,14-May-2018,10-May-2018
13-May-2018,13-May-2018,09-May-2018
12-May-2018,12-May-2018,09-May-2018
11-May-2018,11-May-2018,09-May-2018
10-May-2018,10-May-2018,08-May-2018
09-May-2018,09-May-2018,04-May-2018
08-May-2018,08-May-2018,03-May-2018
07-May-2018,07-May-2018,02-May-2018
06-May-2018,06-May-2018,02-May-2018
05-May-2018,05-May-2018,02-May-2018
04-May-2018,04-May-2018,02-May-2018
03-May-2018,03-May-2018,01-May-2018
02-May-2018,02-May-2018,30-Apr-2018
01-May-2018,01-May-2018,27-Apr-2018
30-Apr-2018,30-Apr-2018,26-Apr-2018
29-Apr-2018,29-Apr-2018,25-Apr-2018
28-Apr-2018,28-Apr-2018,25-Apr-2018
27-Apr-2018,27-Apr-2018,25-Apr-2018
26-Apr-2018,26-Apr-2018,24-Apr-2018
25-Apr-2018,25-Apr-2018,23-Apr-2018
24-Apr-2018,24-Apr-2018,20-Apr-2018
23-Apr-2018,23-Apr-2018,19-Apr-2018
22-Apr-2018,22-Apr-2018,18-Apr-2018
21-Apr-2018,21-Apr-2018,18-Apr-2018
20-Apr-2018,20-Apr-2018,18-Apr-2018
19-Apr-2018,19-Apr-2018,17-Apr-2018
18-Apr-2018,18-Apr-2018,16-Apr-2018
17-Apr-2018,17-Apr-2018,13-Apr-2018
16-Apr-2018,16-Apr-2018,12-Apr-2018
15-Apr-2018,15-Apr-2018,11-Apr-2018
14-Apr-2018,14-Apr-2018,11-Apr-2018
13-Apr-2018,13-Apr-2018,11-Apr-2018
12-Apr-2018,12-Apr-2018,10-Apr-2018
11-Apr-2018,11-Apr-2018,09-Apr-2018
10-Apr-2018,10-Apr-2018,06-Apr-2018
09-Apr-2018,09-Apr-2018,05-Apr-2018
08-Apr-2018,08-Apr-2018,04-Apr-2018
07-Apr-2018,07-Apr-2018,04-Apr-2018
06-Apr-2018,06-Apr-2018,04-Apr-2018
05-Apr-2018,05-Apr-2018,03-Apr-2018
04-Apr-2018,04-Apr-2018,29-Mar-2018
03-Apr-2018,03-Apr-2018,28-Mar-2018
02-Apr-2018,02-Apr-2018,27-Mar-2018
01-Apr-2018,01-Apr-2018,27-Mar-2018
31-Mar-2018,31-Mar-2018,27-Mar-2018
30-Mar-2018,30-Mar-2018,27-Mar-2018
29-Mar-2018,29-Mar-2018,27-Mar-2018
28-Mar-2018,28-Mar-2018,26-Mar-2018
27-Mar-2018,27-Mar-2018,23-Mar-2018
26-Mar-2018,26-Mar-2018,22-Mar-2018
25-Mar-2018,25-Mar-2018,21-Mar-2018
24-Mar-2018,24-Mar-2018,21-Mar-2018
23-Mar-2018,23-Mar-2018,21-Mar-2018
22-Mar-2018,22-Mar-2018,20-Mar-2018
21-Mar-2018,21-Mar-2018,19-Mar-2018
20-Mar-2018,20-Mar-2018,16-Mar-2018
19-Mar-2018,19-Mar-2018,15-Mar-2018
18-Mar-2018,18-Mar-2018,14-Mar-2018
17-Mar-2018,17-Mar-2018,14-Mar-2018
16-Mar-2018,16-Mar-2018,14-Mar-2018
15-Mar-2018,15-Mar-2018,13-Mar-2018
14-Mar-2018,14-Mar-2018,12-Mar-2018
13-Mar-2018,13-Mar-2018,09-Mar-2018
12-Mar-2018,12-Mar-2018,08-Mar-2018
11-Mar-2018,11-Mar-2018,07-Mar-2018
10-Mar-2018,10-Mar-2018,07-Mar-2018
09-Mar-2018,09-Mar-2018,07-Mar-2018
08-Mar-2018,08-Mar-2018,06-Mar-2018
07-Mar-2018,07-Mar-2018,05-Mar-2018
06-Mar-2018,06-Mar-2018,02-Mar-2018
05-Mar-2018,05-Mar-2018,01-Mar-2018
04-Mar-2018,04-Mar-2018,28-Feb-2018
03-Mar-2018,03-Mar-2018,28-Feb-2018
02-Mar-2018,02-Mar-2018,28-Feb-2018
01-Mar-2018,01-Mar-2018,27-Feb-2018
28-Feb-2018,28-Feb-2018,26-Feb-2018
27-Feb-2018,27-Feb-2018,23-Feb-2018
26-Feb-2018,26-Feb-2018,22-Feb-2018
25-Feb-2018,25-Feb-2018,21-Feb-2018
24-Feb-2018,24-Feb-2018,21-Feb-2018
23-Feb-2018,23-Feb-2018,21-Feb-2018
22-Feb-2018,22-Feb-2018,20-Feb-2018
21-Feb-2018,21-Feb-2018,19-Feb-2018
20-Feb-2018,20-Feb-2018,16-Feb-2018
19-Feb-2018,19-Feb-2018,15-Feb-2018
18-Feb-2018,18-Feb-2018,14-Feb-2018
17-Feb-2018,17-Feb-2018,14-Feb-2018
16-Feb-2018,16-Feb-2018,14-Feb-2018
15-Feb-2018,15-Feb-2018,13-Feb-2018
14-Feb-2018,14-Feb-2018,12-Feb-2018
13-Feb-2018,13-Feb-2018,09-Feb-2018
12-Feb-2018,12-Feb-2018,08-Feb-2018
11-Feb-2018,11-Feb-2018,07-Feb-2018
10-Feb-2018,10-Feb-2018,07-Feb-2018
09-Feb-2018,09-Feb-2018,07-Feb-2018
08-Feb-2018,08-Feb-2018,06-Feb-2018
07-Feb-2018,07-Feb-2018,05-Feb-2018
06-Feb-2018,06-Feb-2018,02-Feb-2018
05-Feb-2018,05-Feb-2018,01-Feb-2018
04-Feb-2018,04-Feb-2018,31-Jan-2018
03-Feb-2018,03-Feb-2018,31-Jan-2018
02-Feb-2018,02-Feb-2018,31-Jan-2018
01-Feb-2018,01-Feb-2018,30-Jan-2018
31-Jan-2018,31-Jan-2018,29-Jan-2018
30-Jan-2018,30-Jan-2018,26-Jan-2018
29-Jan-2018,29-Jan-2018,25-Jan-2018
28-Jan-2018,28-Jan-2018,24-Jan-2018
27-Jan-2018,27-Jan-2018,24-Jan-2018
26-Jan-2018,26-Jan-2018,24-Jan-2018
25-Jan-2018,25-Jan-2018,23-Jan-2018
24-Jan-2018,24-Jan-2018,22-Jan-2018
23-Jan-2018,23-Jan-2018,19-Jan-2018
22-Jan-2018,22-Jan-2018,18-Jan-2018
21-Jan-2018,21-Jan-2018,17-Jan-2018
20-Jan-2018,20-Jan-2018,17-Jan-2018
19-Jan-2018,19-Jan-2018,17-Jan-2018
18-Jan-2018,18-Jan-2018,16-Jan-2018
17-Jan-2018,17-Jan-2018,15-Jan-2018
16-Jan-2018,16-Jan-2018,12-Jan-2018
15-Jan-2018,15-Jan-2018,11-Jan-2018
14-Jan-2018,14-Jan-2018,10-Jan-2018
13-Jan-2018,13-Jan-2018,10-Jan-2018
12-Jan-2018,12-Jan-2018,10-Jan-2018
11-Jan-2018,11-Jan-2018,09-Jan-2018
10-Jan-2018,10-Jan-2018,08-Jan-2018
09-Jan-2018,09-Jan-2018,05-Jan-2018
08-Jan-2018,08-Jan-2018,04-Jan-2018
07-Jan-2018,07-Jan-2018,03-Jan-2018
06-Jan-2018,06-Jan-2018,03-Jan-2018
05-Jan-2018,05-Jan-2018,03-Jan-2018
04-Jan-2018,04-Jan-2018,02-Jan-2018
03-Jan-2018,03-Jan-2018,29-Dec-2017
02-Jan-2018,02-Jan-2018,28-Dec-2017
01-Jan-2018,01-Jan-2018,27-Dec-2017
